{
	"info": {
		"_postman_id": "2afe6f30-a08a-4c9b-ad25-c0acfadab4d9",
		"name": "Logout",
		"schema": "https://schema.getpostman.com/json/collection/v2.1.0/collection.json",
		"_exporter_id": "29092836",
		"_collection_link": "https://interstellar-satellite-615454.postman.co/workspace/APIUSerTest~a5b5f6ad-3765-45e3-9e10-29bb0939e02a/collection/29092836-2afe6f30-a08a-4c9b-ad25-c0acfadab4d9?action=share&source=collection_link&creator=29092836"
	},
	"item": [
		{
			"name": "New Request",
			"request": {
				"method": "POST",
				"header": [],
				"url": {
					"raw": "https://sei-test.021hqit.com/group-1/liwa-api/auth/logout",
					"protocol": "https",
					"host": [
						"sei-test",
						"021hqit",
						"com"
					],
					"path": [
						"group-1",
						"liwa-api",
						"auth",
						"logout"
					]
				}
			},
			"response": []
		}
	]
}