{
	"info": {
		"_postman_id": "9ce45168-aad8-4b3a-8150-cd525678a153",
		"name": "me",
		"schema": "https://schema.getpostman.com/json/collection/v2.1.0/collection.json",
		"_exporter_id": "29092836",
		"_collection_link": "https://interstellar-satellite-615454.postman.co/workspace/APIUSerTest~a5b5f6ad-3765-45e3-9e10-29bb0939e02a/collection/29092836-9ce45168-aad8-4b3a-8150-cd525678a153?action=share&source=collection_link&creator=29092836"
	},
	"item": [
		{
			"name": "TC001",
			"request": {
				"method": "GET",
				"header": [],
				"url": {
					"raw": "https://sei-test.021hqit.com/group-1/liwa-api/auth/me",
					"protocol": "https",
					"host": [
						"sei-test",
						"021hqit",
						"com"
					],
					"path": [
						"group-1",
						"liwa-api",
						"auth",
						"me"
					]
				}
			},
			"response": []
		},
		{
			"name": "TC002",
			"request": {
				"method": "GET",
				"header": [],
				"url": {
					"raw": "https://sei-test.021hqit.com/group-1/liwa-api/auth/me",
					"protocol": "https",
					"host": [
						"sei-test",
						"021hqit",
						"com"
					],
					"path": [
						"group-1",
						"liwa-api",
						"auth",
						"me"
					]
				}
			},
			"response": []
		},
		{
			"name": "TC003",
			"request": {
				"method": "GET",
				"header": [],
				"url": {
					"raw": "https://sei-test.021hqit.com/group-1/liwa-api/auth/me",
					"protocol": "https",
					"host": [
						"sei-test",
						"021hqit",
						"com"
					],
					"path": [
						"group-1",
						"liwa-api",
						"auth",
						"me"
					]
				}
			},
			"response": []
		}
	]
}