{
	"info": {
		"_postman_id": "ea4bd52e-7a25-47e0-ab7c-b741f87c3008",
		"name": "password",
		"schema": "https://schema.getpostman.com/json/collection/v2.1.0/collection.json",
		"_exporter_id": "29092836",
		"_collection_link": "https://interstellar-satellite-615454.postman.co/workspace/APIUSerTest~a5b5f6ad-3765-45e3-9e10-29bb0939e02a/collection/29092836-ea4bd52e-7a25-47e0-ab7c-b741f87c3008?action=share&source=collection_link&creator=29092836"
	},
	"item": [
		{
			"name": "TC001",
			"request": {
				"method": "POST",
				"header": [],
				"body": {
					"mode": "raw",
					"raw": "{\n  \"oldPassword\": \"e10adc3949ba59abbe56e057f20f883e\",\n    \"password\" : \"fcea920f7412b5da7be0cf42b8c93759\"\n}\n",
					"options": {
						"raw": {
							"language": "json"
						}
					}
				},
				"url": {
					"raw": "https://sei-test.021hqit.com/group-1/liwa-api/user/password",
					"protocol": "https",
					"host": [
						"sei-test",
						"021hqit",
						"com"
					],
					"path": [
						"group-1",
						"liwa-api",
						"user",
						"password"
					]
				}
			},
			"response": []
		},
		{
			"name": "TC002",
			"request": {
				"method": "POST",
				"header": [],
				"body": {
					"mode": "raw",
					"raw": "{\n  \"oldPassword\": \"e10adc3949ba59abbe56e057f20f883e\",\n    \"password\" : \"fcea920f7412b5da7be0cf42b8c93759\"\n}",
					"options": {
						"raw": {
							"language": "json"
						}
					}
				},
				"url": {
					"raw": "https://sei-test.021hqit.com/group-1/liwa-api/user/password",
					"protocol": "https",
					"host": [
						"sei-test",
						"021hqit",
						"com"
					],
					"path": [
						"group-1",
						"liwa-api",
						"user",
						"password"
					]
				}
			},
			"response": []
		},
		{
			"name": "TC003",
			"request": {
				"method": "POST",
				"header": [],
				"body": {
					"mode": "raw",
					"raw": "{\n  \"oldPassword\": \"\",\n    \"password\" : \"fcea920f7412b5da7be0cf42b8c93759\"\n}",
					"options": {
						"raw": {
							"language": "json"
						}
					}
				},
				"url": {
					"raw": "https://sei-test.021hqit.com/group-1/liwa-api/user/password",
					"protocol": "https",
					"host": [
						"sei-test",
						"021hqit",
						"com"
					],
					"path": [
						"group-1",
						"liwa-api",
						"user",
						"password"
					]
				}
			},
			"response": []
		},
		{
			"name": "TC004",
			"request": {
				"method": "POST",
				"header": [],
				"body": {
					"mode": "raw",
					"raw": "{\n  \"oldPassword\": \"fcea920f7412b5da7be0cf42b8c93759\",\n    \"password\" : \"\"\n}",
					"options": {
						"raw": {
							"language": "json"
						}
					}
				},
				"url": {
					"raw": "https://sei-test.021hqit.com/group-1/liwa-api/user/password",
					"protocol": "https",
					"host": [
						"sei-test",
						"021hqit",
						"com"
					],
					"path": [
						"group-1",
						"liwa-api",
						"user",
						"password"
					]
				}
			},
			"response": []
		},
		{
			"name": "TC005",
			"request": {
				"method": "GET",
				"header": []
			},
			"response": []
		},
		{
			"name": "TC006",
			"request": {
				"method": "POST",
				"header": [],
				"body": {
					"mode": "raw",
					"raw": "{\n  \"oldPassword\": \"fcea920f7412b5da7be0cf42b8c93759\",\n    \"password\" : \"6477606c680de3824f640d429188e4ac\"\n}",
					"options": {
						"raw": {
							"language": "json"
						}
					}
				},
				"url": {
					"raw": "https://sei-test.021hqit.com/group-1/liwa-api/user/password",
					"protocol": "https",
					"host": [
						"sei-test",
						"021hqit",
						"com"
					],
					"path": [
						"group-1",
						"liwa-api",
						"user",
						"password"
					]
				}
			},
			"response": []
		},
		{
			"name": "TC012",
			"request": {
				"method": "GET",
				"header": []
			},
			"response": []
		},
		{
			"name": "TC007",
			"request": {
				"method": "POST",
				"header": [],
				"body": {
					"mode": "raw",
					"raw": "{\n  \"oldPassword\": \"173afad5992a3f73a472fc09b05b1fb7\",\n  \"password\" : \"39c278294f0267d0cb2b414be79f5f13\"\n}",
					"options": {
						"raw": {
							"language": "json"
						}
					}
				},
				"url": {
					"raw": "https://sei-test.021hqit.com/group-1/liwa-api/user/password",
					"protocol": "https",
					"host": [
						"sei-test",
						"021hqit",
						"com"
					],
					"path": [
						"group-1",
						"liwa-api",
						"user",
						"password"
					]
				}
			},
			"response": []
		}
	]
}