{
	"info": {
		"_postman_id": "e777300d-6be0-4ccc-90d6-586c6eb27ae8",
		"name": "ban",
		"schema": "https://schema.getpostman.com/json/collection/v2.1.0/collection.json",
		"_exporter_id": "29092836",
		"_collection_link": "https://interstellar-satellite-615454.postman.co/workspace/APIUSerTest~a5b5f6ad-3765-45e3-9e10-29bb0939e02a/collection/29092836-e777300d-6be0-4ccc-90d6-586c6eb27ae8?action=share&source=collection_link&creator=29092836"
	},
	"item": [
		{
			"name": "TC001",
			"request": {
				"method": "POST",
				"header": [],
				"url": {
					"raw": "https://sei-test.021hqit.com/group-1/liwa-api/user/ban/2c90d7068c82ae90018c875a70a2000e",
					"protocol": "https",
					"host": [
						"sei-test",
						"021hqit",
						"com"
					],
					"path": [
						"group-1",
						"liwa-api",
						"user",
						"ban",
						"2c90d7068c82ae90018c875a70a2000e"
					]
				}
			},
			"response": []
		},
		{
			"name": "TC002",
			"request": {
				"method": "POST",
				"header": [],
				"url": {
					"raw": "https://sei-test.021hqit.com/group-1/liwa-api/user/ban/2c90d7068c82ae90018c875a70a2000e",
					"protocol": "https",
					"host": [
						"sei-test",
						"021hqit",
						"com"
					],
					"path": [
						"group-1",
						"liwa-api",
						"user",
						"ban",
						"2c90d7068c82ae90018c875a70a2000e"
					]
				}
			},
			"response": []
		},
		{
			"name": "TC003",
			"request": {
				"method": "POST",
				"header": [],
				"url": {
					"raw": "https://sei-test.021hqit.com/group-1/liwa-api/user/ban/2c90d7068c82ae90018c875a70a2000e",
					"protocol": "https",
					"host": [
						"sei-test",
						"021hqit",
						"com"
					],
					"path": [
						"group-1",
						"liwa-api",
						"user",
						"ban",
						"2c90d7068c82ae90018c875a70a2000e"
					]
				}
			},
			"response": []
		},
		{
			"name": "TC004",
			"request": {
				"method": "POST",
				"header": [],
				"url": {
					"raw": "https://sei-test.021hqit.com/group-1/liwa-api/user/ban/2c90d7068c82ae90018c875a70a2000e",
					"protocol": "https",
					"host": [
						"sei-test",
						"021hqit",
						"com"
					],
					"path": [
						"group-1",
						"liwa-api",
						"user",
						"ban",
						"2c90d7068c82ae90018c875a70a2000e"
					]
				}
			},
			"response": []
		},
		{
			"name": "TC005",
			"request": {
				"method": "POST",
				"header": [],
				"url": {
					"raw": "https://sei-test.021hqit.com/group-1/liwa-api/user/ban/2c90d7068c82ae90018c875a70a2000e",
					"protocol": "https",
					"host": [
						"sei-test",
						"021hqit",
						"com"
					],
					"path": [
						"group-1",
						"liwa-api",
						"user",
						"ban",
						"2c90d7068c82ae90018c875a70a2000e"
					]
				}
			},
			"response": []
		},
		{
			"name": "TC006",
			"request": {
				"method": "POST",
				"header": [],
				"url": {
					"raw": "https://sei-test.021hqit.com/group-1/liwa-api/user/ban/2c90d7068c82ae90018c875a70a2000k",
					"protocol": "https",
					"host": [
						"sei-test",
						"021hqit",
						"com"
					],
					"path": [
						"group-1",
						"liwa-api",
						"user",
						"ban",
						"2c90d7068c82ae90018c875a70a2000k"
					]
				}
			},
			"response": []
		},
		{
			"name": "TC007",
			"request": {
				"method": "GET",
				"header": []
			},
			"response": []
		}
	]
}