{
	"info": {
		"_postman_id": "fb880a2a-b9b9-41b8-a797-d261b4d69e5e",
		"name": "maxconsults",
		"schema": "https://schema.getpostman.com/json/collection/v2.1.0/collection.json",
		"_exporter_id": "29092836",
		"_collection_link": "https://interstellar-satellite-615454.postman.co/workspace/APIUSerTest~a5b5f6ad-3765-45e3-9e10-29bb0939e02a/collection/29092836-fb880a2a-b9b9-41b8-a797-d261b4d69e5e?action=share&source=collection_link&creator=29092836"
	},
	"item": [
		{
			"name": "New Request",
			"request": {
				"method": "GET",
				"header": []
			},
			"response": []
		}
	]
}